,hhld_id,fault_claims,not_at_fault_claims
0,2,0,1
1,12,0,1
2,13,1,0
3,27,0,1
4,36,0,1
5,48,0,1
6,49,0,1
7,53,0,1
8,54,0,1
9,56,0,1
10,58,0,1
11,63,0,1
12,64,1,0
13,70,1,1
14,74,0,1
15,88,1,0
16,93,1,0
17,97,0,1
18,111,1,0
19,120,0,1
20,141,0,1
21,145,0,1
22,150,0,1
23,159,0,1
24,160,0,1
25,169,0,1
26,170,0,1
27,173,0,2
28,187,0,1
29,189,0,1
30,192,1,0
31,195,0,1
32,197,1,0
33,208,1,0
34,214,1,0
35,217,0,1
36,218,0,1
37,227,0,1
38,240,0,1
39,241,1,1
40,242,1,0
41,248,1,0
42,251,1,0
43,257,0,1
44,259,1,0
45,266,1,0
46,268,0,1
47,270,1,0
48,273,1,0
49,284,0,1
50,296,0,1
51,298,0,1
52,303,1,0
53,306,1,0
54,307,1,0
55,315,0,2
56,319,0,1
57,329,0,1
58,330,1,1
59,335,1,0
60,339,1,0
61,340,0,1
62,352,0,1
63,372,0,1
64,384,0,1
65,411,0,1
66,413,0,2
67,416,0,1
68,430,1,1
69,438,0,1
70,445,1,0
71,455,0,1
72,458,0,1
73,460,0,1
74,482,1,0
75,486,1,0
76,489,0,1
77,492,1,0
78,495,0,1
79,513,1,0
80,514,1,0
81,529,1,0
82,533,0,2
83,537,1,1
84,551,1,0
85,553,0,1
86,563,1,0
87,570,0,1
88,579,0,1
89,583,1,0
90,592,1,0
91,593,0,1
92,603,0,2
93,617,0,1
94,625,0,1
95,635,0,1
96,644,1,1
97,660,0,1
98,666,0,1
99,670,1,1
100,673,1,1
101,674,1,0
102,678,0,2
103,682,1,0
104,686,0,1
105,694,0,2
106,695,0,1
107,696,0,1
108,702,0,1
109,709,1,0
110,710,1,0
111,720,0,1
112,732,0,1
113,733,1,0
114,734,0,1
115,738,0,1
116,740,0,1
117,747,1,0
118,748,0,2
119,750,0,1
120,755,0,1
121,781,0,1
122,784,0,1
123,788,1,0
124,790,1,1
125,793,0,2
126,797,1,0
127,798,0,1
128,799,0,1
129,802,0,1
130,805,1,0
131,807,0,2
132,812,1,0
133,818,1,1
134,820,0,1
135,835,0,1
136,843,0,1
137,847,0,1
138,850,1,1
139,851,0,1
140,853,1,0
141,864,0,1
142,894,0,1
143,897,0,1
144,931,1,0
145,933,0,1
146,938,0,1
147,943,0,1
148,953,0,2
149,972,0,1
150,975,0,1
151,993,1,0
152,998,0,1
153,1002,1,0
154,1005,0,1
155,1008,0,1
156,1012,0,1
157,1014,0,1
158,1017,1,0
159,1018,0,3
160,1019,0,1
161,1023,1,0
162,1025,1,0
163,1027,1,0
164,1031,0,1
165,1033,0,1
166,1039,0,1
167,1049,1,0
168,1053,0,1
169,1056,0,1
170,1065,0,1
171,1066,0,2
172,1069,0,1
173,1082,0,1
174,1085,1,1
175,1090,1,0
176,1111,0,1
177,1114,0,1
178,1128,0,1
179,1135,1,0
180,1140,1,0
181,1145,1,0
182,1146,1,0
183,1147,0,1
184,1148,0,1
185,1193,0,1
186,1198,0,1
187,1199,0,1
188,1200,0,1
189,1201,0,1
190,1203,1,0
191,1206,0,1
192,1207,1,0
193,1208,0,1
194,1210,0,1
195,1219,1,0
196,1221,1,0
197,1222,0,1
198,1226,0,1
199,1231,1,0
200,1244,0,1
201,1249,1,0
202,1253,0,1
203,1265,0,1
204,1270,0,1
205,1271,0,1
206,1275,1,0
207,1279,0,1
208,1283,0,2
209,1289,0,1
210,1298,0,1
211,1299,1,1
212,1307,0,1
213,1312,1,0
214,1319,0,1
215,1320,0,1
216,1333,1,0
217,1339,0,1
218,1340,1,0
219,1341,0,1
220,1342,0,1
221,1360,1,0
222,1362,0,1
223,1363,0,1
224,1365,0,1
225,1381,0,1
226,1387,1,0
227,1390,0,1
228,1395,0,1
229,1400,0,1
230,1406,0,1
231,1415,1,0
232,1416,0,2
233,1417,0,2
234,1419,0,1
235,1422,0,1
236,1429,1,0
237,1451,0,1
238,1452,0,1
239,1458,0,1
240,1461,0,1
241,1464,1,0
242,1479,0,1
243,1483,1,0
244,1495,1,0
245,1501,1,0
246,1502,1,0
247,1505,0,1
248,1508,0,1
249,1509,0,2
250,1510,0,1
251,1523,0,1
252,1533,0,1
253,1543,0,1
254,1549,0,1
255,1550,0,1
256,1553,0,1
257,1554,0,1
258,1568,0,1
259,1592,0,1
260,1596,0,1
261,1621,0,2
262,1625,1,0
263,1628,0,1
264,1638,0,1
265,1639,0,1
266,1646,0,1
267,1652,0,1
268,1653,0,1
269,1656,0,1
270,1658,1,1
271,1659,1,0
272,1668,0,1
273,1671,1,0
274,1697,1,0
275,1701,0,1
276,1705,0,1
277,1709,0,1
278,1710,0,1
279,1711,1,0
280,1713,0,1
281,1715,1,0
282,1727,0,1
283,1728,0,1
284,1731,0,1
285,1736,0,1
286,1739,1,0
287,1742,0,1
288,1743,1,0
289,1746,1,0
290,1759,0,1
291,1761,0,1
292,1779,1,0
293,1782,0,1
294,1785,0,1
295,1790,0,1
296,1792,0,2
297,1797,2,0
298,1804,0,1
299,1807,0,1
300,1813,0,1
301,1826,1,0
302,1834,1,0
303,1840,1,0
304,1843,0,1
305,1852,1,0
306,1853,1,0
307,1855,0,1
308,1857,0,1
309,1860,0,1
310,1861,0,1
311,1882,0,1
312,1898,0,1
313,1926,0,1
314,1940,1,0
315,1942,0,1
316,1944,0,1
317,1965,1,0
318,1970,0,1
319,1985,1,0
320,1990,0,1
321,1992,0,1
322,1994,0,3
323,1997,1,0
324,2003,0,1
325,2004,1,0
326,2022,0,1
327,2024,0,1
328,2027,0,1
329,2036,0,1
330,2039,0,1
331,2042,0,1
332,2052,0,1
333,2057,0,1
334,2060,0,1
335,2067,1,0
336,2070,0,1
337,2073,0,1
338,2079,0,2
339,2085,1,0
340,2087,1,0
341,2088,0,1
342,2091,1,0
343,2092,0,1
344,2108,0,1
345,2110,1,0
346,2120,1,0
347,2123,1,0
348,2126,1,0
349,2127,0,1
350,2129,0,1
351,2132,1,1
352,2134,0,1
353,2139,0,1
354,2145,1,0
355,2149,0,1
356,2155,1,0
357,2165,1,0
358,2171,0,1
359,2188,0,1
360,2191,1,1
361,2196,0,1
362,2203,0,1
363,2212,1,0
364,2214,0,1
365,2216,0,1
366,2217,0,1
367,2225,0,1
368,2228,0,1
369,2234,1,0
370,2237,0,1
371,2238,0,1
372,2249,1,0
373,2260,1,0
374,2265,0,1
375,2290,0,1
376,2297,0,1
377,2306,0,1
378,2307,1,0
379,2308,0,1
380,2313,1,0
381,2325,1,1
382,2331,0,1
383,2332,3,0
384,2352,0,1
385,2353,0,1
386,2355,0,1
387,2358,0,2
388,2365,0,1
389,2375,1,0
390,2377,0,1
391,2383,0,1
392,2388,1,0
393,2399,0,1
394,2403,0,1
395,2405,0,1
396,2408,0,1
397,2413,1,0
398,2420,1,0
399,2421,1,0
400,2424,0,1
401,2427,0,1
402,2430,0,1
403,2442,1,0
404,2443,1,0
405,2444,0,1
406,2446,0,1
407,2470,1,0
408,2475,0,1
409,2488,0,1
410,2489,1,0
411,2492,0,1
412,2504,0,1
413,2506,0,1
414,2511,0,1
415,2520,1,0
416,2532,1,0
417,2540,1,0
418,2552,0,1
419,2554,0,1
420,2558,1,1
421,2562,0,1
422,2569,1,0
423,2587,0,1
424,2590,0,1
425,2601,1,0
426,2606,1,0
427,2607,0,1
428,2611,1,0
429,2613,0,1
430,2619,1,0
431,2645,0,2
432,2653,1,0
433,2658,0,1
434,2673,0,1
435,2682,1,0
436,2698,0,1
437,2702,1,0
438,2708,1,0
439,2710,0,1
440,2713,1,0
441,2715,0,1
442,2718,0,1
443,2727,1,0
444,2728,0,1
445,2730,1,0
446,2737,0,1
447,2738,1,0
448,2748,0,1
449,2751,1,0
450,2759,0,1
451,2783,1,0
452,2791,0,1
453,2792,0,1
454,2795,0,1
455,2798,0,2
456,2800,0,1
457,2802,0,1
458,2803,0,1
459,2811,1,1
460,2818,0,1
461,2832,0,1
462,2834,0,1
463,2850,0,1
464,2867,0,1
465,2869,0,1
466,2871,1,1
467,2873,0,1
468,2875,0,1
469,2883,0,1
470,2885,0,1
471,2887,0,2
472,2899,0,1
473,2900,0,1
474,2901,0,1
475,2907,1,0
476,2916,1,1
477,2918,1,0
478,2920,1,0
479,2934,0,1
480,2935,0,1
481,2957,0,1
482,2976,0,1
483,2977,0,1
484,2979,0,1
485,2980,0,1
486,2981,0,1
487,2982,1,0
488,2993,0,1
489,3001,0,1
490,3008,1,0
491,3015,0,1
492,3016,1,0
493,3024,1,0
494,3028,0,1
495,3032,0,1
496,3034,1,0
497,3036,0,1
498,3037,0,1
499,3040,1,0
500,3044,0,2
501,3061,0,1
502,3070,0,1
503,3074,1,0
504,3078,0,1
505,3085,0,1
506,3089,1,1
507,3096,1,0
508,3109,0,1
509,3110,0,1
510,3120,1,0
511,3135,0,1
512,3152,0,1
513,3160,0,1
514,3162,1,0
515,3163,0,1
516,3165,0,1
517,3183,1,0
518,3184,0,2
519,3189,0,1
520,3195,0,1
521,3197,0,1
522,3201,0,1
523,3219,0,1
524,3231,0,1
525,3238,0,1
526,3247,1,0
527,3256,1,1
528,3265,0,1
529,3268,1,0
530,3269,0,1
531,3282,0,1
532,3288,0,1
533,3289,0,1
534,3301,0,1
535,3309,1,0
536,3311,0,2
537,3319,1,0
538,3324,1,0
539,3327,0,1
540,3330,0,1
541,3332,0,2
542,3349,0,1
543,3350,1,0
544,3357,0,1
545,3358,0,1
546,3359,1,0
547,3360,0,1
548,3367,1,0
549,3378,0,1
550,3382,0,1
551,3383,1,0
552,3391,0,1
553,3394,0,1
554,3410,0,1
555,3413,0,1
556,3418,0,1
557,3419,0,2
558,3448,0,1
559,3451,0,1
560,3452,1,0
561,3454,0,1
562,3456,0,1
563,3458,0,1
564,3467,0,1
565,3470,0,1
566,3473,1,1
567,3476,0,1
568,3481,1,0
569,3506,0,1
570,3512,0,1
571,3517,0,1
572,3527,0,1
573,3540,0,1
574,3555,0,1
575,3559,1,0
576,3565,1,0
577,3570,0,1
578,3574,0,1
579,3576,1,1
580,3589,1,0
581,3592,0,1
582,3593,0,1
583,3595,0,1
584,3596,0,1
585,3597,0,1
586,3607,0,1
587,3610,1,0
588,3612,1,0
589,3613,0,1
590,3615,0,1
591,3617,0,1
592,3620,0,1
593,3625,0,1
594,3631,0,1
595,3653,0,1
596,3657,0,1
597,3673,0,1
598,3674,0,1
599,3675,0,1
600,3680,1,0
601,3681,0,1
602,3682,0,1
603,3701,0,1
604,3702,0,1
605,3712,0,1
606,3713,0,1
607,3716,0,1
608,3720,0,1
609,3724,0,1
610,3725,0,1
611,3729,1,0
612,3736,1,0
613,3737,1,0
614,3751,0,1
615,3753,0,2
616,3756,1,0
617,3765,0,1
618,3774,0,2
619,3775,1,0
620,3777,0,1
621,3784,0,1
622,3785,0,1
623,3789,0,1
624,3802,0,1
625,3808,0,1
626,3810,0,1
627,3811,1,0
628,3825,0,1
629,3833,0,1
630,3834,0,1
631,3857,0,1
632,3862,0,1
633,3863,0,1
634,3870,0,1
635,3871,0,1
636,3878,0,1
637,3885,0,1
638,3891,1,0
639,3898,0,1
640,3899,0,1
641,3901,0,1
642,3902,0,1
643,3903,0,2
644,3921,1,0
645,3924,1,0
646,3925,0,1
647,3927,0,2
648,3942,1,0
649,3947,1,0
650,3956,0,2
651,3957,0,1
652,3961,0,1
653,3964,1,0
654,3980,0,1
655,3983,1,0
656,3987,0,1
657,3989,0,1
658,3994,1,0
659,3998,0,1
660,4015,0,1
661,4017,0,1
662,4021,0,1
663,4023,1,0
664,4027,0,1
665,4028,0,1
666,4030,0,2
667,4031,0,1
668,4034,0,1
669,4045,1,0
670,4049,0,1
671,4050,0,1
672,4054,0,1
673,4055,0,1
674,4065,0,1
675,4071,0,1
676,4085,1,0
677,4086,1,0
678,4095,1,0
679,4096,0,1
680,4099,1,1
681,4113,1,0
682,4118,0,1
683,4124,0,1
684,4141,0,1
685,4143,0,1
686,4157,0,1
687,4158,0,1
688,4165,0,1
689,4166,0,1
690,4173,1,0
691,4174,1,0
692,4181,0,1
693,4187,1,0
694,4192,1,0
695,4194,1,0
696,4218,2,0
697,4225,0,1
698,4230,0,1
699,4242,0,1
700,4256,0,1
701,4258,1,0
702,4262,0,1
703,4274,1,0
704,4276,0,1
705,4281,1,0
706,4296,0,1
707,4311,0,1
708,4324,0,1
709,4327,0,2
710,4334,0,1
711,4336,0,1
712,4342,0,1
713,4346,1,0
714,4350,0,1
715,4351,0,1
716,4359,0,1
717,4368,0,1
718,4375,0,1
719,4382,0,1
720,4385,1,1
721,4391,1,1
722,4394,1,0
723,4396,0,1
724,4397,1,0
725,4402,1,1
726,4406,0,1
727,4417,0,1
728,4431,0,1
729,4433,0,2
730,4450,0,1
731,4451,0,1
732,4452,0,1
733,4457,0,1
734,4463,1,0
735,4467,0,1
736,4478,1,0
737,4483,0,1
738,4491,1,0
739,4493,0,1
740,4502,0,1
741,4505,0,1
742,4510,0,2
743,4513,1,0
744,4523,0,1
745,4528,0,1
746,4531,0,1
747,4547,0,1
748,4566,0,1
749,4571,0,1
750,4582,0,1
751,4585,0,1
752,4588,0,1
753,4596,0,1
754,4597,0,1
755,4601,0,1
756,4603,1,0
757,4605,0,1
758,4606,1,0
759,4627,0,1
760,4639,1,0
761,4642,1,0
762,4649,0,1
763,4653,1,0
764,4667,0,1
765,4669,0,1
766,4670,1,0
767,4679,0,1
768,4696,0,1
769,4702,0,1
770,4720,1,0
771,4727,1,0
772,4729,0,1
773,4742,1,0
774,4747,1,0
775,4765,0,1
776,4773,1,0
777,4776,0,1
778,4784,1,1
779,4788,0,1
780,4797,0,1
781,4803,0,1
782,4805,0,1
783,4810,0,1
784,4842,0,1
785,4855,1,1
786,4858,0,1
787,4862,0,1
788,4864,0,1
789,4879,1,0
790,4881,0,1
791,4890,0,1
792,4892,0,2
793,4900,0,1
794,4905,0,1
795,4907,0,1
796,4908,0,1
797,4920,1,0
798,4953,0,1
799,4954,0,1
800,4961,1,0
801,4963,1,0
802,4966,2,0
803,4975,0,1
804,4988,0,1
805,5002,1,0
806,5003,0,1
807,5008,0,1
808,5025,0,1
809,5036,1,0
810,5043,1,0
811,5045,0,1
812,5046,0,1
813,5050,1,0
814,5054,1,0
815,5058,1,0
816,5067,0,1
817,5068,0,1
818,5076,1,0
819,5080,0,1
820,5087,1,0
821,5088,0,1
822,5093,1,0
823,5104,1,0
824,5110,0,1
825,5111,0,1
826,5117,0,1
827,5133,0,1
828,5165,1,2
829,5169,1,0
830,5174,0,1
831,5175,1,0
832,5180,0,1
833,5183,0,1
834,5186,0,1
835,5187,0,2
836,5188,0,1
837,5191,0,1
838,5192,1,0
839,5194,0,2
840,5197,0,1
841,5209,0,1
842,5214,1,0
843,5217,0,1
844,5223,1,1
845,5236,0,1
846,5245,1,0
847,5256,0,1
848,5257,0,1
849,5258,0,1
850,5259,0,1
851,5261,0,1
852,5262,1,0
853,5276,1,1
854,5282,2,0
855,5284,0,1
856,5293,1,0
857,5300,1,0
858,5301,0,1
859,5303,0,1
860,5328,1,0
861,5332,0,2
862,5333,0,1
863,5349,1,0
864,5361,1,0
865,5369,0,1
866,5370,0,1
867,5372,0,1
868,5384,0,1
869,5388,0,1
870,5394,1,0
871,5399,0,1
872,5400,1,0
873,5410,0,1
874,5413,0,1
875,5414,0,1
876,5420,0,1
877,5424,0,1
878,5428,0,1
879,5430,1,0
880,5431,1,0
881,5432,0,1
882,5441,1,0
883,5450,0,1
884,5456,1,0
885,5462,2,0
886,5467,0,1
887,5468,1,0
888,5469,0,1
889,5470,0,1
890,5485,1,0
891,5494,0,1
892,5509,0,1
893,5518,0,1
894,5522,0,1
895,5547,0,2
896,5550,1,0
897,5551,0,1
898,5567,0,1
899,5570,1,0
900,5574,0,1
901,5592,1,0
902,5595,1,0
903,5623,1,0
904,5626,0,1
905,5628,1,0
906,5629,0,1
907,5633,1,0
908,5634,0,1
909,5635,0,1
910,5640,0,1
911,5643,0,1
912,5645,1,0
913,5646,0,1
914,5652,0,1
915,5655,1,0
916,5656,0,1
917,5657,0,1
918,5658,1,0
919,5667,0,1
920,5669,0,2
921,5672,1,0
922,5682,0,1
923,5689,0,1
924,5693,0,1
925,5701,0,1
926,5703,0,2
927,5707,0,1
928,5708,0,1
929,5712,0,1
930,5720,1,0
931,5729,0,1
932,5735,0,1
933,5742,1,0
934,5747,1,0
935,5750,0,1
936,5751,0,1
937,5752,1,0
938,5753,1,0
939,5755,1,0
940,5756,0,1
941,5760,0,1
942,5767,0,1
943,5768,1,0
944,5774,0,2
945,5787,0,1
946,5793,0,1
947,5796,1,0
948,5797,0,1
949,5802,1,0
950,5807,0,1
951,5812,0,1
952,5815,0,1
953,5817,1,0
954,5829,0,1
955,5831,1,0
956,5841,0,1
957,5842,1,0
958,5855,0,3
959,5857,0,1
960,5864,1,0
961,5867,1,0
962,5871,1,0
963,5875,0,1
964,5879,0,2
965,5880,0,1
966,5881,1,0
967,5889,1,0
968,5890,1,0
969,5891,1,0
970,5894,1,0
971,5908,0,1
972,5911,1,0
973,5918,0,1
974,5922,0,1
975,5926,1,0
976,5931,1,0
977,5933,0,1
978,5954,0,1
979,5956,0,1
980,5962,0,1
981,5966,1,0
982,5978,0,1
983,5997,1,0
984,6003,0,1
985,6005,0,1
986,6006,1,1
987,6010,0,1
988,6013,0,1
989,6016,0,1
990,6023,0,1
991,6036,1,0
992,6038,1,0
993,6039,0,1
994,6053,1,0
995,6056,0,1
996,6061,1,0
997,6064,1,0
998,6065,1,0
999,6069,0,1
1000,6070,0,1
1001,6071,0,1
1002,6074,0,1
1003,6077,1,1
1004,6085,1,0
1005,6090,0,1
1006,6091,0,1
1007,6105,0,1
1008,6107,0,2
1009,6108,1,1
1010,6109,0,1
1011,6120,0,1
1012,6123,0,1
1013,6127,0,1
1014,6131,0,1
1015,6133,0,1
1016,6148,0,2
1017,6166,0,1
1018,6170,1,0
1019,6173,0,1
1020,6179,1,1
1021,6181,0,1
1022,6187,0,1
1023,6188,0,1
1024,6193,0,1
1025,6202,0,1
1026,6204,0,1
1027,6206,0,1
1028,6221,0,1
1029,6230,1,0
1030,6232,1,0
1031,6233,0,1
1032,6234,0,1
1033,6236,0,1
1034,6247,0,1
1035,6250,0,1
1036,6256,0,1
1037,6265,0,1
1038,6266,0,1
1039,6271,1,0
1040,6279,0,1
1041,6281,1,0
1042,6285,1,0
1043,6292,1,0
1044,6297,1,0
1045,6307,0,1
1046,6312,0,1
1047,6314,1,1
1048,6316,0,1
1049,6320,0,1
1050,6324,0,1
1051,6329,0,1
1052,6331,0,1
1053,6338,0,1
1054,6339,0,1
1055,6343,0,2
1056,6351,0,1
1057,6355,2,0
1058,6360,0,1
1059,6364,1,1
1060,6365,0,1
1061,6367,1,0
1062,6368,1,0
1063,6370,1,0
1064,6374,1,1
1065,6381,0,1
1066,6386,0,1
1067,6393,0,1
1068,6394,0,1
1069,6400,0,1
1070,6403,0,1
1071,6404,1,0
1072,6405,1,0
1073,6417,0,2
1074,6423,0,1
1075,6450,0,2
1076,6451,0,1
1077,6478,0,1
1078,6488,1,0
1079,6491,0,1
1080,6493,0,1
1081,6518,0,2
1082,6525,1,0
1083,6528,1,0
1084,6530,0,1
1085,6531,0,1
1086,6533,0,1
1087,6535,1,0
1088,6538,1,0
1089,6545,0,1
1090,6551,1,0
1091,6557,1,0
1092,6563,0,1
1093,6569,0,1
1094,6574,1,0
1095,6575,0,1
1096,6576,0,1
1097,6580,0,1
1098,6602,0,1
1099,6625,0,1
1100,6627,1,0
1101,6629,0,1
1102,6633,1,0
1103,6638,0,1
1104,6666,0,1
1105,6670,0,1
1106,6675,1,0
1107,6678,0,1
1108,6683,0,1
1109,6690,1,0
1110,6693,0,2
1111,6699,0,1
1112,6703,0,2
1113,6706,1,0
1114,6707,0,1
1115,6710,1,0
1116,6717,1,0
1117,6745,0,1
1118,6748,0,1
1119,6750,0,1
1120,6752,1,0
1121,6755,0,1
1122,6756,0,2
1123,6765,0,1
1124,6769,0,2
1125,6772,0,1
1126,6775,0,1
1127,6781,1,0
1128,6782,1,0
1129,6801,0,1
1130,6820,0,2
1131,6821,0,1
1132,6831,1,0
1133,6843,0,1
1134,6844,0,1
1135,6860,1,1
1136,6864,1,0
1137,6873,0,1
1138,6874,0,1
1139,6883,1,0
1140,6885,1,0
1141,6909,1,0
1142,6913,0,1
1143,6918,0,1
1144,6919,1,0
1145,6926,1,0
1146,6938,0,1
1147,6942,0,1
1148,6956,0,1
1149,6961,0,1
1150,6962,0,1
1151,6965,0,1
1152,6966,1,0
1153,6972,0,1
1154,6979,0,1
1155,6993,0,1
1156,6994,1,0
1157,7000,0,1
1158,7010,0,1
1159,7012,1,0
1160,7016,1,0
1161,7024,1,0
1162,7027,0,1
1163,7028,0,1
1164,7036,0,1
1165,7059,1,0
1166,7072,0,1
1167,7087,0,1
1168,7094,0,1
1169,7122,1,0
1170,7128,0,1
1171,7136,1,0
1172,7137,1,0
1173,7141,1,0
1174,7142,0,1
1175,7144,0,1
1176,7145,0,1
1177,7161,0,1
1178,7165,0,1
1179,7175,0,2
1180,7176,0,1
1181,7181,0,1
1182,7182,0,2
1183,7189,0,1
1184,7195,0,1
1185,7201,0,1
1186,7204,0,1
1187,7213,0,1
1188,7218,0,1
1189,7219,0,1
1190,7228,0,1
1191,7231,0,1
1192,7234,0,1
1193,7240,0,1
1194,7243,1,0
1195,7257,0,1
1196,7258,0,1
1197,7262,0,1
1198,7264,1,0
1199,7266,0,1
1200,7267,1,1
1201,7272,0,1
1202,7275,1,1
1203,7299,0,1
1204,7302,1,0
1205,7305,0,1
1206,7307,0,1
1207,7316,1,0
1208,7321,0,1
1209,7323,0,1
1210,7324,1,0
1211,7344,0,1
1212,7347,0,1
1213,7356,0,1
1214,7357,0,1
1215,7365,0,1
1216,7372,0,1
1217,7378,1,1
1218,7379,0,1
1219,7385,1,0
1220,7388,0,1
1221,7394,1,0
1222,7398,1,0
1223,7408,0,1
1224,7415,1,0
1225,7419,0,1
1226,7438,1,1
1227,7452,1,0
1228,7456,0,1
1229,7462,1,1
1230,7464,0,1
1231,7466,0,1
1232,7505,0,1
1233,7507,0,1
1234,7519,0,1
1235,7529,1,0
1236,7534,1,0
1237,7536,1,0
1238,7539,1,0
1239,7546,0,1
1240,7548,0,1
1241,7552,0,1
1242,7554,0,2
1243,7556,1,0
1244,7565,0,1
1245,7572,0,1
1246,7575,1,1
1247,7582,1,1
1248,7588,0,1
1249,7592,0,1
1250,7597,0,1
1251,7598,1,0
1252,7599,0,1
1253,7602,1,0
1254,7609,1,0
1255,7610,0,1
1256,7629,0,1
1257,7645,1,0
1258,7649,0,1
1259,7651,0,1
1260,7654,0,1
1261,7658,0,1
1262,7665,1,0
1263,7671,0,1
1264,7681,1,0
1265,7684,0,1
1266,7689,1,1
1267,7691,0,1
1268,7698,0,1
1269,7703,0,1
1270,7709,0,1
1271,7716,0,1
1272,7718,0,1
1273,7729,0,1
1274,7742,0,1
1275,7744,0,1
1276,7774,1,0
1277,7783,1,0
1278,7787,0,1
1279,7791,1,0
1280,7792,0,1
1281,7795,0,1
1282,7797,1,1
1283,7810,0,1
1284,7815,0,1
1285,7850,1,0
1286,7852,0,1
1287,7858,0,1
1288,7876,1,0
1289,7879,0,1
1290,7882,0,1
1291,7892,1,0
1292,7901,1,0
1293,7910,1,1
1294,7911,1,0
1295,7927,0,1
1296,7936,0,1
1297,7943,0,1
1298,7946,0,1
1299,7954,0,2
1300,7955,0,1
1301,7961,0,1
1302,7965,1,0
1303,7972,0,1
1304,7975,0,1
1305,7977,0,1
1306,7981,0,1
1307,7986,0,1
1308,7988,0,1
1309,7991,0,1
1310,8004,1,0
1311,8015,0,1
1312,8016,1,0
1313,8018,0,1
1314,8024,0,1
1315,8026,0,1
1316,8044,0,1
1317,8056,0,1
1318,8058,1,0
1319,8064,0,1
1320,8065,0,1
1321,8067,0,1
1322,8080,1,0
1323,8087,0,1
1324,8092,0,1
1325,8096,1,0
1326,8103,0,1
1327,8104,0,1
1328,8120,0,1
1329,8131,0,1
1330,8133,1,0
1331,8150,0,1
1332,8157,0,1
1333,8158,1,0
1334,8168,0,1
1335,8172,1,2
1336,8174,0,1
1337,8176,1,0
1338,8188,1,0
1339,8189,0,2
1340,8192,1,0
1341,8193,1,1
1342,8195,0,1
1343,8206,0,1
1344,8222,1,0
1345,8225,1,2
1346,8226,0,1
1347,8230,0,1
1348,8237,0,1
1349,8253,0,1
1350,8258,0,1
1351,8260,0,1
1352,8262,0,1
1353,8264,0,1
1354,8271,0,1
1355,8280,1,0
1356,8282,0,1
1357,8294,1,0
1358,8296,0,1
1359,8308,0,1
1360,8311,0,2
1361,8315,0,1
1362,8322,1,0
1363,8326,0,1
1364,8328,0,1
1365,8355,0,1
1366,8362,0,1
1367,8368,0,2
1368,8370,1,0
1369,8373,0,1
1370,8378,1,0
1371,8382,0,1
1372,8387,0,1
1373,8390,0,1
1374,8392,1,0
1375,8394,0,1
1376,8404,0,1
1377,8405,0,2
1378,8406,0,1
1379,8407,1,0
1380,8413,0,2
1381,8414,0,1
1382,8422,1,0
1383,8448,0,1
1384,8456,0,1
1385,8459,0,1
1386,8461,1,0
1387,8463,0,1
1388,8466,1,0
1389,8470,1,0
1390,8478,0,1
1391,8479,0,2
1392,8480,0,1
1393,8487,0,1
1394,8490,0,1
1395,8492,1,0
1396,8498,0,1
1397,8504,0,1
1398,8512,0,1
1399,8513,0,1
1400,8527,0,1
1401,8534,0,1
1402,8545,0,1
1403,8549,1,0
1404,8554,0,1
1405,8588,0,1
1406,8592,1,1
1407,8604,0,2
1408,8605,0,1
1409,8621,0,1
1410,8624,1,0
1411,8631,0,1
1412,8636,0,1
1413,8638,0,1
1414,8641,0,1
1415,8642,0,1
1416,8647,0,1
1417,8649,0,1
1418,8656,0,2
1419,8661,0,1
1420,8662,1,0
1421,8663,0,1
1422,8665,1,0
1423,8666,1,0
1424,8675,1,0
1425,8677,0,1
1426,8682,0,1
1427,8690,0,1
1428,8702,0,1
1429,8709,1,2
1430,8712,0,1
1431,8718,0,1
1432,8723,0,1
1433,8725,0,1
1434,8728,1,0
1435,8729,1,1
1436,8743,0,2
1437,8750,1,0
1438,8759,0,1
1439,8761,0,1
1440,8770,0,1
1441,8773,0,1
1442,8779,0,2
1443,8781,1,0
1444,8782,0,2
1445,8785,0,1
1446,8789,0,1
1447,8791,0,1
1448,8795,0,1
1449,8802,0,1
1450,8812,0,1
1451,8813,1,1
1452,8818,0,1
1453,8823,1,1
1454,8825,0,1
1455,8832,0,1
1456,8837,0,1
1457,8840,0,1
1458,8843,0,2
1459,8844,0,1
1460,8845,1,0
1461,8846,0,1
1462,8856,0,1
1463,8868,0,1
1464,8874,0,1
1465,8880,1,1
1466,8883,0,1
1467,8885,0,1
1468,8888,0,1
1469,8890,0,1
1470,8893,0,1
1471,8895,0,1
1472,8914,0,1
1473,8930,1,0
1474,8932,0,1
1475,8934,0,1
1476,8942,0,1
1477,8945,1,0
1478,8949,1,0
1479,8965,0,1
1480,8968,1,0
1481,8984,0,1
1482,8996,1,0
1483,9001,0,1
1484,9012,0,1
1485,9019,1,0
1486,9027,1,0
1487,9033,0,1
1488,9039,0,1
1489,9040,0,1
1490,9046,0,1
1491,9049,1,0
1492,9056,1,0
1493,9060,0,1
1494,9061,0,1
1495,9065,0,1
1496,9067,0,1
1497,9076,1,0
1498,9077,0,1
1499,9078,1,0
1500,9092,1,0
1501,9094,1,0
1502,9095,0,1
1503,9101,0,1
1504,9111,0,1
1505,9112,0,1
1506,9116,0,1
1507,9121,1,0
1508,9123,1,0
1509,9128,0,1
1510,9129,0,1
1511,9141,1,0
1512,9150,0,1
1513,9155,0,1
1514,9162,0,1
1515,9175,0,1
1516,9178,0,1
1517,9183,0,1
1518,9192,0,1
1519,9193,1,0
1520,9197,0,1
1521,9202,0,1
1522,9205,1,0
1523,9214,0,1
1524,9223,0,1
1525,9225,0,1
1526,9240,0,1
1527,9241,1,0
1528,9247,1,0
1529,9250,0,1
1530,9263,1,0
1531,9269,0,1
1532,9271,0,1
1533,9272,0,1
1534,9273,1,0
1535,9282,1,0
1536,9284,0,1
1537,9299,1,0
1538,9301,0,2
1539,9304,1,0
1540,9311,0,1
1541,9313,0,1
1542,9320,0,1
1543,9322,1,0
1544,9336,0,1
1545,9338,0,1
1546,9344,1,0
1547,9349,0,1
1548,9350,0,1
1549,9353,0,1
1550,9359,0,2
1551,9361,0,1
1552,9363,0,1
1553,9372,0,1
1554,9375,0,1
1555,9396,0,1
1556,9398,1,0
1557,9399,1,0
1558,9410,1,0
1559,9415,0,1
1560,9427,1,0
1561,9432,0,1
1562,9434,0,1
1563,9453,0,2
1564,9454,0,1
1565,9456,1,0
1566,9466,1,0
1567,9467,1,1
1568,9480,0,1
1569,9497,1,0
1570,9510,1,0
1571,9519,0,2
1572,9534,1,0
1573,9538,1,0
1574,9543,0,1
1575,9548,0,1
1576,9553,0,1
1577,9563,1,0
1578,9570,1,0
1579,9572,0,1
1580,9578,0,1
1581,9582,1,0
1582,9584,0,1
1583,9608,0,1
1584,9610,0,1
1585,9616,0,1
1586,9623,0,1
1587,9625,0,1
1588,9627,0,1
1589,9635,0,1
1590,9643,0,1
1591,9644,0,1
1592,9656,0,1
1593,9668,0,1
1594,9672,0,1
1595,9680,0,1
1596,9686,1,0
1597,9688,1,0
1598,9697,0,1
1599,9702,0,1
1600,9704,0,1
1601,9706,1,0
1602,9708,0,1
1603,9711,0,1
1604,9712,0,1
1605,9714,0,1
1606,9715,1,0
1607,9719,0,1
1608,9721,1,0
1609,9732,1,0
1610,9750,0,1
1611,9751,1,0
1612,9752,1,0
1613,9755,0,1
1614,9760,0,1
1615,9765,0,1
1616,9767,1,0
1617,9774,0,1
1618,9779,1,0
1619,9781,0,1
1620,9783,1,0
1621,9791,0,1
1622,9793,2,0
1623,9811,0,1
1624,9854,1,0
1625,9855,0,1
1626,9861,0,1
1627,9863,0,1
1628,9865,1,0
1629,9868,0,1
1630,9890,0,1
1631,9894,0,1
1632,9895,1,1
1633,9904,0,1
1634,9905,1,0
1635,9916,0,1
1636,9917,0,1
1637,9918,0,1
1638,9934,0,1
1639,9940,0,1
1640,9941,0,1
1641,9943,0,1
1642,9950,0,1
1643,9952,0,1
1644,9972,0,1
1645,9981,1,0
1646,9983,1,0
1647,9985,1,0
1648,9996,0,1
1649,9997,0,1
1650,9999,0,1
1651,10012,0,1
1652,10014,1,0
1653,10033,1,0
1654,10034,0,2
1655,10036,1,0
1656,10041,0,1
1657,10042,1,0
1658,10044,0,1
1659,10048,1,0
1660,10052,1,0
1661,10054,1,1
1662,10056,0,1
1663,10065,1,0
1664,10068,1,0
1665,10075,1,0
1666,10077,0,1
1667,10080,0,1
1668,10085,0,1
1669,10086,1,0
1670,10087,0,1
1671,10090,0,1
1672,10093,0,1
1673,10094,0,1
1674,10101,1,0
1675,10106,0,1
1676,10108,0,1
1677,10114,0,1
1678,10115,0,1
1679,10117,1,0
1680,10130,1,0
1681,10147,0,1
1682,10166,0,1
1683,10169,0,1
1684,10173,1,0
1685,10180,0,1
1686,10184,0,2
1687,10187,1,0
1688,10191,0,1
1689,10199,0,1
1690,10202,0,1
1691,10221,0,1
1692,10222,0,1
1693,10223,0,1
1694,10225,1,0
1695,10227,0,1
1696,10254,0,1
1697,10262,0,1
1698,10263,1,0
1699,10282,0,1
1700,10285,0,1
1701,10289,0,1
1702,10297,0,1
1703,10299,1,0
1704,10302,0,1
1705,10313,0,1
1706,10316,0,1
1707,10328,0,2
1708,10342,0,1
1709,10345,0,1
1710,10347,0,1
1711,10351,0,1
1712,10356,1,0
1713,10368,0,1
1714,10409,0,2
1715,10412,1,0
1716,10418,0,1
1717,10420,0,1
1718,10422,0,1
1719,10424,0,1
1720,10428,1,0
1721,10440,0,1
1722,10455,0,1
1723,10458,0,1
1724,10466,0,1
1725,10480,1,0
1726,10483,0,1
1727,10487,0,1
1728,10497,0,1
1729,10499,1,1
1730,10506,1,0
1731,10524,0,1
1732,10528,1,0
1733,10536,0,1
1734,10561,2,0
1735,10569,0,2
1736,10570,2,0
1737,10584,0,1
1738,10589,0,1
1739,10596,1,0
1740,10601,1,0
1741,10616,1,0
1742,10624,0,1
1743,10631,1,1
1744,10646,1,0
1745,10664,0,1
1746,10671,0,1
1747,10673,1,0
1748,10678,0,1
1749,10679,1,0
1750,10681,0,1
1751,10684,0,1
1752,10687,1,0
1753,10691,0,2
1754,10703,1,0
1755,10713,0,1
1756,10714,1,1
1757,10719,2,0
1758,10726,1,0
1759,10727,0,1
1760,10731,1,1
1761,10748,0,1
1762,10757,0,1
1763,10764,0,1
1764,10769,0,1
1765,10775,1,0
1766,10782,0,1
1767,10783,0,1
1768,10784,1,0
1769,10785,0,1
1770,10787,0,1
1771,10790,1,0
1772,10796,1,0
1773,10833,0,1
1774,10835,1,0
1775,10836,0,1
1776,10838,0,1
1777,10840,1,0
1778,10854,0,1
1779,10858,1,0
1780,10864,0,1
1781,10879,0,1
1782,10888,0,1
1783,10909,0,1
1784,10919,0,1
1785,10925,0,1
1786,10940,1,0
1787,10943,0,1
1788,10951,0,1
1789,10963,0,1
1790,10964,0,1
1791,10965,0,1
1792,10967,1,0
1793,10970,0,1
1794,10973,0,1
1795,10974,0,1
1796,10984,2,0
1797,10996,0,1
1798,10998,0,1
1799,11005,0,1
1800,11027,0,1
1801,11039,0,1
1802,11054,0,1
1803,11061,0,1
1804,11064,0,1
1805,11066,1,1
1806,11067,0,1
1807,11072,0,1
1808,11074,0,1
1809,11079,1,0
1810,11086,0,1
1811,11091,0,1
1812,11100,0,1
1813,11109,0,1
1814,11112,0,1
1815,11115,0,1
1816,11121,0,1
1817,11125,0,2
1818,11128,1,0
1819,11134,0,1
1820,11145,2,0
1821,11147,0,1
1822,11154,1,0
1823,11174,0,1
1824,11192,0,1
1825,11193,0,1
1826,11194,0,1
1827,11199,0,1
1828,11211,0,1
1829,11214,0,1
1830,11221,0,1
1831,11224,1,1
1832,11230,0,1
1833,11238,1,0
1834,11239,0,1
1835,11243,0,1
1836,11249,0,1
1837,11254,0,1
1838,11257,0,1
1839,11268,0,1
1840,11273,0,1
1841,11304,1,0
1842,11306,0,1
1843,11312,1,0
1844,11319,0,1
1845,11322,0,1
1846,11328,1,0
1847,11337,0,1
1848,11339,0,1
1849,11352,0,1
1850,11354,0,1
1851,11355,0,1
1852,11356,1,1
1853,11366,0,1
1854,11368,0,1
1855,11369,0,1
1856,11374,0,1
1857,11375,0,1
1858,11389,0,1
1859,11394,0,1
1860,11401,1,0
1861,11420,0,1
1862,11422,0,1
1863,11431,1,0
1864,11440,0,2
1865,11445,0,1
1866,11450,0,1
1867,11454,1,0
1868,11460,0,1
1869,11462,1,0
1870,11465,0,1
1871,11474,1,0
1872,11478,0,1
1873,11482,0,1
1874,11488,0,1
1875,11489,0,1
1876,11503,1,0
1877,11511,1,0
1878,11513,0,1
1879,11522,0,1
1880,11525,0,1
1881,11526,0,1
1882,11527,0,1
1883,11528,0,1
1884,11532,1,0
1885,11536,0,1
1886,11541,0,1
1887,11543,0,1
1888,11555,1,0
1889,11575,0,1
1890,11578,0,1
1891,11585,0,2
1892,11590,0,2
1893,11601,0,2
1894,11602,0,1
1895,11605,1,0
1896,11624,0,1
1897,11625,0,1
1898,11632,0,1
1899,11634,0,1
1900,11638,1,0
1901,11649,0,2
1902,11654,0,1
1903,11656,0,1
1904,11660,1,0
1905,11661,1,0
1906,11674,1,0
1907,11677,1,0
1908,11682,0,1
1909,11684,1,0
1910,11689,0,1
1911,11691,0,1
1912,11698,1,0
1913,11707,0,1
1914,11713,1,0
1915,11714,0,1
1916,11732,0,1
1917,11739,1,0
1918,11741,0,1
1919,11746,0,1
1920,11749,1,0
1921,11772,0,1
1922,11783,0,1
1923,11785,0,2
1924,11790,0,1
1925,11794,0,1
1926,11807,0,1
1927,11810,0,1
1928,11812,0,1
1929,11815,0,1
1930,11816,0,1
1931,11834,0,1
1932,11841,0,2
1933,11843,0,1
1934,11850,0,1
1935,11854,0,1
1936,11856,0,1
1937,11861,0,1
1938,11874,1,0
1939,11882,0,1
1940,11883,1,0
1941,11886,0,1
1942,11887,1,0
1943,11888,0,1
1944,11893,0,1
1945,11895,0,1
1946,11897,0,1
1947,11901,0,1
1948,11903,1,0
1949,11905,1,0
1950,11906,0,1
1951,11912,0,1
1952,11919,0,1
1953,11920,0,1
1954,11922,0,1
1955,11926,0,1
1956,11929,1,0
1957,11942,0,1
1958,11943,1,0
1959,11947,0,1
1960,11973,0,1
1961,11980,0,1
1962,11982,1,0
1963,11985,0,1
1964,11986,0,1
1965,11989,0,1
1966,12013,0,2
1967,12015,0,1
1968,12017,0,1
1969,12031,0,1
1970,12032,1,0
1971,12046,0,1
1972,12055,0,1
1973,12059,0,1
1974,12062,0,1
1975,12068,0,1
1976,12082,0,1
1977,12089,0,1
1978,12092,0,1
1979,12095,1,0
1980,12100,0,1
1981,12101,1,0
1982,12115,0,1
1983,12128,1,0
1984,12138,0,1
1985,12143,0,1
1986,12144,0,1
1987,12158,1,0
1988,12166,1,1
1989,12169,0,2
1990,12172,0,1
1991,12180,0,1
1992,12187,0,1
1993,12191,1,0
1994,12195,0,1
1995,12205,0,1
1996,12245,0,1
1997,12248,0,1
1998,12254,0,1
1999,12259,1,0
2000,12268,0,1
2001,12281,0,1
2002,12300,0,1
2003,12302,0,1
2004,12308,1,0
2005,12325,0,1
2006,12327,0,1
2007,12332,0,1
2008,12345,1,0
2009,12347,0,1
2010,12351,1,0
2011,12356,0,1
2012,12364,1,0
2013,12368,0,1
2014,12383,0,1
2015,12389,0,1
2016,12393,0,1
2017,12395,0,1
2018,12401,1,1
2019,12402,1,1
2020,12404,0,2
2021,12411,0,1
2022,12426,0,1
2023,12430,0,1
2024,12434,1,0
2025,12435,0,1
2026,12437,1,0
2027,12445,1,0
2028,12448,1,0
2029,12451,1,0
2030,12452,1,0
2031,12456,1,0
2032,12458,1,0
2033,12472,1,0
2034,12473,0,1
2035,12478,0,1
2036,12482,0,1
2037,12497,1,0
2038,12503,0,1
2039,12504,0,1
2040,12506,1,0
2041,12507,0,1
2042,12510,1,0
2043,12514,1,0
2044,12518,0,1
2045,12524,0,1
2046,12530,0,1
2047,12538,1,0
2048,12546,0,1
2049,12559,2,0
2050,12561,2,0
2051,12567,0,1
2052,12569,1,0
2053,12571,0,1
2054,12578,1,0
2055,12590,1,0
2056,12600,1,0
2057,12608,0,1
2058,12623,1,0
2059,12624,0,2
2060,12635,1,0
2061,12636,0,1
2062,12649,0,1
2063,12651,1,0
2064,12654,1,1
2065,12656,0,1
2066,12659,0,1
2067,12667,0,1
2068,12697,0,1
2069,12705,0,1
2070,12712,0,1
2071,12719,0,1
2072,12730,0,1
2073,12734,0,2
2074,12736,0,1
2075,12750,0,1
2076,12753,1,0
2077,12754,0,1
2078,12757,1,0
2079,12763,1,0
2080,12767,0,1
2081,12768,1,1
2082,12772,1,0
2083,12781,1,0
2084,12788,1,0
2085,12800,0,1
2086,12804,0,1
2087,12809,0,2
2088,12812,0,1
2089,12814,1,1
2090,12829,0,1
2091,12832,0,1
2092,12844,0,1
2093,12848,0,1
2094,12849,0,1
2095,12858,0,1
2096,12861,0,1
2097,12864,1,3
2098,12871,1,0
2099,12878,0,3
2100,12879,0,1
2101,12900,1,0
2102,12911,0,1
2103,12921,0,1
2104,12927,0,1
2105,12934,0,1
2106,12937,0,2
2107,12938,1,0
2108,12947,1,0
2109,12949,0,1
2110,12956,0,1
2111,12958,0,1
2112,12960,1,0
2113,12964,0,1
2114,12971,0,1
2115,12975,0,1
2116,12983,0,1
2117,12988,0,1
2118,12989,0,1
2119,12991,0,1
2120,12994,1,0
2121,12999,0,1
2122,13003,0,1
2123,13004,1,1
2124,13009,0,1
2125,13020,0,1
2126,13028,1,0
2127,13034,0,1
2128,13050,1,0
2129,13060,0,1
2130,13063,0,1
2131,13065,0,1
2132,13074,1,0
2133,13085,0,1
2134,13093,0,1
2135,13097,0,1
2136,13103,1,0
2137,13104,0,2
2138,13114,0,1
2139,13121,1,0
2140,13127,0,1
2141,13133,0,1
2142,13135,1,1
2143,13139,0,1
2144,13140,0,1
2145,13150,0,1
2146,13159,0,1
2147,13160,0,1
2148,13161,0,1
2149,13164,0,1
2150,13165,0,1
2151,13167,0,1
2152,13177,0,1
2153,13181,0,2
2154,13184,0,1
2155,13217,0,1
2156,13224,1,0
2157,13233,1,0
2158,13242,1,0
2159,13243,0,1
2160,13250,0,1
2161,13258,2,0
2162,13261,0,1
2163,13263,0,1
2164,13277,1,1
2165,13282,0,1
2166,13283,1,1
2167,13288,0,1
2168,13299,1,0
2169,13307,0,1
2170,13308,0,1
2171,13317,0,1
2172,13322,0,1
2173,13324,1,0
2174,13327,0,1
2175,13350,0,1
2176,13353,0,1
2177,13356,1,0
2178,13358,0,1
2179,13359,1,0
2180,13361,0,1
2181,13362,0,1
2182,13378,1,0
2183,13382,1,0
2184,13384,0,1
2185,13387,0,1
2186,13390,0,1
2187,13393,0,1
2188,13398,0,1
2189,13404,0,1
2190,13405,1,0
2191,13423,1,0
2192,13434,1,0
2193,13435,0,1
2194,13440,0,1
2195,13446,1,0
2196,13450,0,1
2197,13454,0,1
2198,13455,0,1
2199,13458,1,0
2200,13469,0,1
2201,13475,0,1
2202,13476,0,1
2203,13479,1,0
2204,13482,0,1
2205,13487,0,1
2206,13488,1,0
2207,13501,0,1
2208,13502,0,1
2209,13504,0,1
2210,13507,1,0
2211,13510,1,0
2212,13532,0,1
2213,13536,0,1
2214,13556,0,1
2215,13560,0,1
2216,13563,1,0
2217,13564,1,1
2218,13574,1,0
2219,13579,1,0
2220,13581,1,0
2221,13584,0,1
2222,13597,1,0
2223,13600,0,1
2224,13605,1,0
2225,13632,0,1
2226,13635,0,1
2227,13636,1,0
2228,13640,1,0
2229,13642,0,1
2230,13647,0,2
2231,13648,0,1
2232,13650,0,1
2233,13664,0,1
2234,13672,0,1
2235,13679,1,0
2236,13687,0,1
2237,13688,0,1
2238,13689,0,1
2239,13693,0,1
2240,13695,0,1
2241,13702,1,0
2242,13704,0,1
2243,13710,1,0
2244,13711,0,1
2245,13720,1,0
2246,13724,0,1
2247,13736,0,1
2248,13743,0,1
2249,13748,0,1
2250,13752,0,1
2251,13753,1,0
2252,13760,1,0
2253,13771,0,1
2254,13780,0,1
2255,13782,0,1
2256,13784,0,1
2257,13792,0,1
2258,13802,1,0
2259,13804,1,1
2260,13807,1,0
2261,13815,1,0
2262,13823,0,1
2263,13824,0,1
2264,13827,0,1
2265,13829,0,1
2266,13835,1,0
2267,13845,0,1
2268,13846,1,0
2269,13848,1,0
2270,13849,1,0
2271,13850,0,1
2272,13855,1,0
2273,13856,1,0
2274,13862,0,1
2275,13864,1,0
2276,13872,1,0
2277,13878,0,2
2278,13882,0,1
2279,13889,1,0
2280,13893,1,0
2281,13894,0,1
2282,13909,1,0
2283,13913,1,0
2284,13915,1,0
2285,13920,2,0
2286,13923,0,1
2287,13928,0,1
2288,13933,1,1
2289,13937,0,1
2290,13939,0,1
2291,13940,0,1
2292,13942,1,0
2293,13956,0,1
2294,13957,0,2
2295,13964,1,0
2296,13966,0,1
2297,13973,1,0
2298,13990,0,1
2299,13995,1,0
2300,14001,0,1
2301,14008,1,0
2302,14011,0,1
2303,14018,1,0
2304,14019,0,1
2305,14023,0,1
2306,14024,0,1
2307,14038,1,1
2308,14041,0,1
2309,14043,1,1
2310,14054,1,2
2311,14063,0,1
2312,14064,0,1
2313,14080,1,0
2314,14083,0,1
2315,14085,0,1
2316,14088,0,1
2317,14095,0,1
2318,14099,1,0
2319,14103,1,0
2320,14106,0,1
2321,14123,0,1
2322,14133,0,1
2323,14137,1,0
2324,14143,0,1
2325,14149,1,0
2326,14151,0,1
2327,14168,0,1
2328,14181,0,1
2329,14185,0,1
2330,14187,0,1
2331,14189,1,0
2332,14192,1,0
2333,14205,0,1
2334,14210,1,0
2335,14218,1,0
2336,14219,0,2
2337,14223,0,1
2338,14227,0,1
2339,14235,0,1
2340,14252,0,1
2341,14269,0,1
2342,14271,0,1
2343,14296,0,1
2344,14297,0,1
2345,14312,0,1
2346,14313,1,0
2347,14318,0,1
2348,14325,1,0
2349,14329,1,0
2350,14330,0,1
2351,14335,1,0
2352,14340,0,1
2353,14346,0,1
2354,14351,0,1
2355,14361,0,1
2356,14365,0,1
2357,14373,0,1
2358,14381,0,1
2359,14382,1,0
2360,14411,0,1
2361,14420,0,1
2362,14423,0,1
2363,14427,1,0
2364,14428,0,1
2365,14432,0,1
2366,14434,1,0
2367,14447,0,1
2368,14456,0,1
2369,14457,0,1
2370,14459,0,1
2371,14473,0,1
2372,14480,2,0
2373,14487,1,0
2374,14491,1,1
2375,14492,1,0
2376,14500,0,1
2377,14515,0,2
2378,14520,0,1
2379,14529,1,0
2380,14533,1,0
2381,14534,0,1
2382,14537,0,2
2383,14543,1,1
2384,14544,0,1
2385,14550,0,1
2386,14551,0,1
2387,14554,1,1
2388,14557,0,1
2389,14558,1,0
2390,14559,0,1
2391,14566,1,1
2392,14568,0,1
2393,14569,0,1
2394,14577,0,1
2395,14579,1,0
2396,14582,1,0
2397,14584,0,1
2398,14590,0,2
2399,14602,0,1
2400,14610,1,0
2401,14616,0,3
2402,14637,1,0
2403,14643,1,0
2404,14648,0,1
2405,14653,0,1
2406,14657,0,1
2407,14659,1,0
2408,14664,1,1
2409,14665,1,0
2410,14667,0,1
2411,14670,1,0
2412,14678,0,1
2413,14682,0,1
2414,14684,0,1
2415,14688,0,2
2416,14694,1,1
2417,14709,0,1
2418,14712,0,1
2419,14714,0,1
2420,14719,1,0
2421,14722,0,1
2422,14724,1,0
2423,14727,0,1
2424,14732,0,1
2425,14734,0,1
2426,14745,1,0
2427,14750,0,1
2428,14762,1,0
2429,14767,0,1
2430,14770,0,1
2431,14777,0,1
2432,14779,1,0
2433,14782,0,1
2434,14796,1,0
2435,14797,0,1
2436,14798,0,1
2437,14801,0,1
2438,14804,1,0
2439,14807,0,1
2440,14812,1,0
2441,14814,0,1
2442,14818,0,1
2443,14825,1,0
2444,14829,0,1
2445,14832,0,1
2446,14833,1,0
2447,14842,0,1
2448,14851,0,1
2449,14852,1,0
2450,14858,0,1
2451,14859,1,0
2452,14869,0,1
2453,14871,0,1
2454,14881,0,1
2455,14888,0,1
2456,14896,0,1
2457,14915,1,0
2458,14916,0,1
2459,14922,0,1
2460,14925,0,1
2461,14927,0,2
2462,14940,0,1
2463,14945,1,0
2464,14953,0,1
2465,14960,1,0
2466,14972,0,1
2467,14983,0,1
2468,14990,0,1
2469,14993,0,1
2470,15005,1,0
2471,15009,0,1
2472,15014,1,1
2473,15017,0,1
2474,15028,0,1
2475,15046,0,1
2476,15047,0,1
2477,15057,0,1
2478,15060,1,0
2479,15065,0,2
2480,15074,0,1
2481,15075,1,0
2482,15079,1,0
2483,15094,0,1
2484,15096,0,1
2485,15098,0,1
2486,15113,0,1
2487,15114,0,1
2488,15122,1,0
2489,15123,1,0
2490,15129,0,1
2491,15132,1,0
2492,15136,0,1
2493,15145,0,1
2494,15157,0,1
2495,15158,1,0
2496,15170,1,0
2497,15172,0,1
2498,15183,0,1
2499,15186,1,0
2500,15193,0,2
2501,15196,0,1
2502,15212,0,1
2503,15218,0,1
2504,15229,1,0
2505,15236,0,1
2506,15248,0,1
2507,15256,1,0
2508,15259,1,0
2509,15267,0,1
2510,15275,1,0
2511,15291,0,1
2512,15296,0,1
2513,15300,1,0
2514,15313,0,1
2515,15320,0,1
2516,15331,1,0
2517,15334,1,0
2518,15335,0,1
2519,15340,0,1
2520,15341,0,1
2521,15344,1,0
2522,15357,0,1
2523,15365,0,1
2524,15372,0,1
2525,15377,0,1
2526,15380,1,1
2527,15391,0,1
2528,15393,1,0
2529,15394,1,0
2530,15396,0,1
2531,15401,1,0
2532,15402,0,1
2533,15415,1,0
2534,15416,0,1
2535,15417,1,0
2536,15422,0,1
2537,15433,1,0
2538,15438,1,0
2539,15444,1,1
2540,15448,0,1
2541,15451,0,1
2542,15454,0,1
2543,15461,0,1
2544,15463,1,0
2545,15470,0,2
2546,15480,0,1
2547,15492,0,1
2548,15506,0,1
2549,15510,1,0
2550,15520,1,0
2551,15532,1,0
2552,15536,1,0
2553,15547,0,1
2554,15552,1,0
2555,15565,0,1
2556,15572,1,0
2557,15573,0,1
2558,15574,0,1
2559,15581,0,1
2560,15585,0,1
2561,15590,0,1
2562,15593,0,1
2563,15601,1,0
2564,15608,0,1
2565,15611,0,1
2566,15620,0,2
2567,15628,0,1
2568,15630,0,1
2569,15633,2,0
2570,15636,1,0
2571,15651,1,1
2572,15685,0,1
2573,15688,1,0
2574,15701,0,1
2575,15709,1,0
2576,15710,0,1
2577,15724,1,0
2578,15729,0,1
2579,15731,0,1
2580,15733,1,0
2581,15734,1,0
2582,15742,0,1
2583,15752,0,1
2584,15758,0,1
2585,15765,1,0
2586,15771,0,1
2587,15777,0,2
2588,15786,0,1
2589,15800,0,1
2590,15808,0,1
2591,15810,1,0
2592,15814,0,1
2593,15818,0,1
2594,15830,1,0
2595,15832,1,0
2596,15840,1,0
2597,15842,0,1
2598,15854,0,1
2599,15855,0,1
2600,15860,0,1
2601,15871,0,1
2602,15878,0,1
2603,15886,1,0
2604,15894,0,1
2605,15903,1,0
2606,15917,0,1
2607,15936,0,1
2608,15937,1,1
2609,15938,0,1
2610,15946,0,1
2611,15947,0,1
2612,15951,0,1
2613,15964,0,2
2614,15972,1,1
2615,15973,1,0
2616,15981,1,1
2617,15982,1,1
2618,15991,1,2
2619,15994,0,1
2620,15998,1,0
2621,16003,0,1
2622,16010,1,0
2623,16013,0,1
2624,16018,0,1
2625,16019,1,0
2626,16028,0,1
2627,16030,0,1
2628,16031,0,1
2629,16041,0,1
2630,16048,0,1
2631,16049,0,2
2632,16054,0,1
2633,16055,1,0
2634,16062,1,1
2635,16076,1,0
2636,16091,0,2
2637,16093,0,2
2638,16095,0,1
2639,16103,1,0
2640,16115,0,1
2641,16119,0,1
2642,16121,0,1
2643,16127,0,1
2644,16146,0,1
2645,16162,0,1
2646,16169,0,1
2647,16182,0,1
2648,16186,1,0
2649,16191,1,0
2650,16192,0,1
2651,16198,0,1
2652,16206,0,1
2653,16207,0,2
2654,16209,0,1
2655,16216,1,0
2656,16231,0,1
2657,16234,0,1
2658,16235,1,0
2659,16249,1,0
2660,16252,0,1
2661,16254,0,1
2662,16262,0,1
2663,16265,1,1
2664,16270,1,0
2665,16274,0,1
2666,16275,0,1
2667,16300,0,1
2668,16302,0,1
2669,16305,0,1
2670,16307,0,1
2671,16310,0,1
2672,16313,0,1
2673,16315,0,1
2674,16328,1,0
2675,16332,0,1
2676,16333,0,1
2677,16348,0,1
2678,16353,0,1
2679,16370,0,1
2680,16374,1,0
2681,16375,1,0
2682,16385,0,1
2683,16391,0,1
2684,16399,0,1
2685,16419,0,1
2686,16421,0,1
2687,16445,0,1
2688,16446,0,1
2689,16447,1,1
2690,16449,1,0
2691,16450,0,1
2692,16451,0,1
2693,16465,1,0
2694,16466,0,1
2695,16474,0,1
2696,16475,1,0
2697,16482,1,0
2698,16487,1,0
2699,16490,1,1
2700,16502,0,1
2701,16506,1,0
2702,16514,0,1
2703,16523,0,1
2704,16525,1,0
2705,16530,1,1
2706,16538,1,0
2707,16539,1,0
2708,16557,0,1
2709,16561,0,1
2710,16566,1,0
2711,16571,0,1
2712,16572,0,1
2713,16581,0,1
2714,16584,0,1
2715,16589,1,1
2716,16594,0,1
2717,16603,0,1
2718,16606,1,0
2719,16615,0,1
2720,16628,0,1
2721,16630,1,0
2722,16647,0,1
2723,16661,0,1
2724,16662,0,1
2725,16666,0,1
2726,16672,1,0
2727,16674,0,1
2728,16680,0,1
2729,16685,1,0
2730,16686,0,1
2731,16691,0,1
2732,16696,0,1
2733,16705,1,0
2734,16707,1,0
2735,16716,1,0
2736,16732,0,1
2737,16733,0,1
2738,16741,1,0
2739,16749,0,1
2740,16750,0,1
2741,16756,0,1
2742,16763,0,1
2743,16784,1,1
2744,16803,0,1
2745,16806,0,1
2746,16807,1,0
2747,16812,0,1
2748,16821,1,0
2749,16826,0,1
2750,16835,1,1
2751,16838,0,1
2752,16848,1,1
2753,16852,0,1
2754,16854,0,1
2755,16858,1,0
2756,16860,0,1
2757,16861,0,1
2758,16866,1,0
2759,16868,1,2
2760,16876,0,1
2761,16884,0,1
2762,16886,1,0
2763,16888,1,0
2764,16891,0,1
2765,16910,1,1
2766,16916,0,2
2767,16917,0,1
2768,16920,0,1
2769,16927,0,1
2770,16928,0,1
2771,16935,0,1
2772,16943,0,1
2773,16963,1,0
2774,16972,0,1
2775,16993,0,1
2776,17006,1,0
2777,17015,0,1
2778,17019,1,0
2779,17025,1,0
2780,17026,0,1
2781,17038,1,0
2782,17047,0,2
2783,17051,0,1
2784,17060,1,0
2785,17064,0,1
2786,17067,0,1
2787,17068,1,0
2788,17075,0,1
2789,17081,0,1
2790,17090,0,1
2791,17098,0,2
2792,17099,0,1
2793,17102,0,1
2794,17127,0,1
2795,17133,0,1
2796,17142,0,1
2797,17162,0,1
2798,17164,0,1
2799,17168,1,0
2800,17174,1,0
2801,17184,0,1
2802,17186,1,1
2803,17195,0,2
2804,17196,1,0
2805,17199,0,1
2806,17210,0,1
2807,17216,0,1
2808,17218,0,1
2809,17220,1,0
2810,17224,1,0
2811,17226,0,1
2812,17227,1,1
2813,17231,0,2
2814,17232,1,0
2815,17235,0,1
2816,17243,0,1
2817,17244,1,0
2818,17246,1,0
2819,17253,1,1
2820,17254,0,1
2821,17256,1,0
2822,17270,1,0
2823,17274,0,2
2824,17278,0,1
2825,17279,1,0
2826,17281,0,1
2827,17284,0,1
2828,17289,0,1
2829,17293,1,1
2830,17307,0,2
2831,17309,0,1
2832,17314,0,1
2833,17315,0,1
2834,17319,1,0
2835,17320,1,0
2836,17321,1,0
2837,17323,0,1
2838,17324,1,0
2839,17332,0,1
2840,17344,0,1
2841,17350,0,1
2842,17351,1,0
2843,17353,0,1
2844,17363,0,1
2845,17364,1,0
2846,17368,1,0
2847,17372,0,1
2848,17379,1,0
2849,17388,0,1
2850,17391,0,1
2851,17393,1,0
2852,17395,0,1
2853,17397,0,1
2854,17399,0,1
2855,17402,0,1
2856,17414,0,1
2857,17416,0,1
2858,17423,0,1
2859,17427,0,1
2860,17431,0,1
2861,17438,0,1
2862,17441,0,1
2863,17446,0,1
2864,17454,0,1
2865,17463,1,0
2866,17465,0,2
2867,17471,1,0
2868,17481,1,0
2869,17500,0,1
2870,17502,0,1
2871,17504,0,1
2872,17506,1,0
2873,17508,1,0
2874,17514,1,0
2875,17515,0,1
2876,17523,0,1
2877,17526,1,0
2878,17545,1,0
2879,17546,0,1
2880,17549,0,1
2881,17559,0,1
2882,17560,1,0
2883,17567,0,1
2884,17583,1,0
2885,17586,0,1
2886,17592,0,1
2887,17598,0,1
2888,17601,1,0
2889,17621,0,1
2890,17626,0,1
2891,17630,1,0
2892,17637,0,1
2893,17640,0,1
2894,17645,0,1
2895,17649,0,1
2896,17668,1,0
2897,17682,1,1
2898,17688,1,0
2899,17694,1,0
2900,17698,0,1
2901,17711,0,1
2902,17721,1,0
2903,17723,0,1
2904,17726,0,2
2905,17731,0,1
2906,17747,1,0
2907,17750,0,1
2908,17754,1,0
2909,17758,0,2
2910,17759,0,1
2911,17765,1,0
2912,17771,1,0
2913,17773,0,1
2914,17774,1,0
2915,17778,1,0
2916,17779,1,0
2917,17783,0,2
2918,17787,0,1
2919,17788,1,0
2920,17790,1,0
2921,17804,1,0
2922,17811,0,1
2923,17812,0,1
2924,17813,1,0
2925,17822,1,0
2926,17825,1,0
2927,17828,0,3
2928,17843,0,1
2929,17845,0,1
2930,17849,0,1
2931,17855,1,0
2932,17858,0,1
2933,17865,0,1
2934,17877,0,1
2935,17879,1,0
2936,17895,0,1
2937,17897,0,1
2938,17902,1,0
2939,17903,0,1
2940,17907,0,1
2941,17913,0,1
2942,17914,1,0
2943,17922,0,1
2944,17924,0,1
2945,17927,0,1
2946,17928,1,0
2947,17942,0,1
2948,17955,0,1
2949,17960,1,0
2950,17961,0,1
2951,17964,1,0
2952,17966,0,1
2953,17969,1,2
2954,17973,0,2
2955,17980,0,1
2956,17986,0,1
2957,18015,0,1
2958,18027,1,0
2959,18043,0,1
2960,18046,0,1
2961,18052,0,1
2962,18061,1,0
2963,18065,0,1
2964,18070,0,1
2965,18074,0,1
2966,18076,0,1
2967,18079,0,1
2968,18103,0,1
2969,18116,0,1
2970,18121,1,0
2971,18122,0,1
2972,18125,1,0
2973,18127,0,1
2974,18133,1,0
2975,18143,0,1
2976,18144,1,0
2977,18146,0,1
2978,18147,0,1
2979,18151,0,1
2980,18156,1,0
2981,18164,0,1
2982,18170,0,1
2983,18174,0,1
2984,18192,1,0
2985,18202,0,1
2986,18208,0,1
2987,18224,1,0
2988,18232,1,0
2989,18239,0,2
2990,18250,0,1
2991,18251,2,0
2992,18255,1,0
2993,18259,0,1
2994,18260,1,0
2995,18262,0,1
2996,18264,0,1
2997,18279,0,1
2998,18284,0,1
2999,18288,0,1
3000,18289,0,1
3001,18294,0,1
3002,18308,0,1
3003,18322,0,1
3004,18329,0,1
3005,18339,0,1
3006,18341,0,1
3007,18343,1,0
3008,18353,1,2
3009,18357,0,1
3010,18361,0,1
3011,18367,0,1
3012,18372,1,0
3013,18375,0,1
3014,18390,0,1
3015,18392,0,1
3016,18417,0,1
3017,18429,0,2
3018,18440,0,1
3019,18447,0,1
3020,18448,0,2
3021,18450,0,1
3022,18452,0,1
3023,18453,0,1
3024,18458,0,1
3025,18462,1,0
3026,18465,1,0
3027,18466,0,1
3028,18469,0,1
3029,18478,0,1
3030,18486,0,1
3031,18492,0,1
3032,18497,0,1
3033,18508,0,1
3034,18517,0,1
3035,18527,0,1
3036,18536,0,1
3037,18542,1,0
3038,18543,0,2
3039,18550,0,1
3040,18565,0,1
3041,18567,0,1
3042,18581,0,1
3043,18587,1,0
3044,18589,0,1
3045,18593,0,1
3046,18594,0,1
3047,18599,0,1
3048,18602,0,1
3049,18612,0,1
3050,18613,0,1
3051,18619,0,1
3052,18621,1,0
3053,18622,0,2
3054,18630,0,1
3055,18633,0,1
3056,18640,0,2
3057,18651,1,0
3058,18662,1,1
3059,18666,0,1
3060,18670,0,1
3061,18683,0,2
3062,18692,0,1
3063,18694,0,1
3064,18706,0,1
3065,18708,0,2
3066,18716,0,1
3067,18718,0,1
3068,18723,1,0
3069,18727,0,1
3070,18728,0,1
3071,18732,0,1
3072,18736,0,1
3073,18738,1,0
3074,18739,1,1
3075,18742,1,0
3076,18744,0,1
3077,18749,1,0
3078,18752,1,0
3079,18760,0,1
3080,18786,0,1
3081,18793,0,1
3082,18804,0,1
3083,18811,0,1
3084,18813,0,1
3085,18821,1,0
3086,18825,0,1
3087,18836,0,1
3088,18849,0,1
3089,18856,1,0
3090,18861,0,1
3091,18878,0,1
3092,18883,1,0
3093,18888,0,1
3094,18905,0,1
3095,18909,0,1
3096,18923,0,1
3097,18945,0,1
3098,18952,0,1
3099,18962,1,0
3100,18965,0,1
3101,18978,0,1
3102,18979,0,1
3103,18984,0,2
3104,18986,1,0
3105,18989,0,2
3106,18995,1,0
3107,18999,1,1
3108,19021,0,1
3109,19024,1,0
3110,19025,0,1
3111,19027,1,1
3112,19031,0,1
3113,19042,1,0
3114,19049,0,1
3115,19050,0,1
3116,19051,0,1
3117,19058,1,0
3118,19059,0,1
3119,19063,0,1
3120,19065,1,0
3121,19066,0,1
3122,19072,1,0
3123,19078,0,1
3124,19080,0,1
3125,19084,1,0
3126,19093,0,1
3127,19094,0,1
3128,19096,0,1
3129,19106,0,1
3130,19109,1,0
3131,19115,0,1
3132,19117,0,1
3133,19120,0,1
3134,19121,0,1
3135,19139,1,1
3136,19143,1,0
3137,19159,1,0
3138,19163,0,1
3139,19164,0,2
3140,19167,0,1
3141,19171,0,1
3142,19175,0,1
3143,19188,1,0
3144,19221,0,1
3145,19222,0,1
3146,19225,0,1
3147,19250,0,1
3148,19255,0,1
3149,19257,0,1
3150,19258,0,1
3151,19259,0,1
3152,19266,1,0
3153,19274,0,1
3154,19279,1,0
3155,19281,0,1
3156,19288,1,0
3157,19292,0,1
3158,19300,0,2
3159,19309,1,0
3160,19314,0,1
3161,19316,0,1
3162,19317,0,1
3163,19318,0,1
3164,19324,0,1
3165,19326,1,0
3166,19329,0,1
3167,19338,1,0
3168,19339,0,1
3169,19344,0,1
3170,19347,1,0
3171,19353,0,1
3172,19364,0,1
3173,19368,0,1
3174,19370,0,1
3175,19372,1,1
3176,19374,1,1
3177,19379,0,1
3178,19382,1,0
3179,19387,1,0
3180,19388,0,1
3181,19392,0,1
3182,19396,0,1
3183,19407,0,1
3184,19431,1,0
3185,19433,1,0
3186,19435,0,1
3187,19442,1,0
3188,19444,0,1
3189,19467,0,1
3190,19469,0,1
3191,19475,1,0
3192,19478,0,1
3193,19488,0,1
3194,19502,0,1
3195,19521,1,0
3196,19525,0,1
3197,19531,0,1
3198,19540,0,1
3199,19541,0,1
3200,19546,0,1
3201,19549,1,0
3202,19553,1,0
3203,19556,0,1
3204,19558,0,1
3205,19559,0,1
3206,19564,1,0
3207,19568,0,1
3208,19572,0,1
3209,19606,1,0
3210,19616,1,0
3211,19629,0,1
3212,19632,0,1
3213,19636,0,1
3214,19641,1,1
3215,19642,0,2
3216,19644,0,2
3217,19650,0,1
3218,19660,1,0
3219,19662,0,1
3220,19665,1,0
3221,19669,1,0
3222,19675,0,1
3223,19677,0,1
3224,19679,0,1
3225,19694,1,0
3226,19695,0,1
3227,19699,0,1
3228,19700,2,0
3229,19713,0,1
3230,19719,1,0
3231,19721,1,0
3232,19731,1,0
3233,19741,0,1
3234,19746,1,0
3235,19748,1,0
3236,19756,0,1
3237,19759,2,0
3238,19761,0,1
3239,19763,1,0
3240,19774,1,0
3241,19780,0,1
3242,19785,0,1
3243,19796,0,1
3244,19799,0,1
3245,19806,0,1
3246,19809,0,1
3247,19819,1,0
3248,19833,1,0
3249,19834,0,1
3250,19842,0,1
3251,19846,0,2
3252,19847,0,1
3253,19860,1,0
3254,19873,0,1
3255,19875,0,1
3256,19876,0,1
3257,19878,0,1
3258,19882,0,1
3259,19883,0,1
3260,19885,0,1
3261,19887,0,1
3262,19889,1,0
3263,19897,0,1
3264,19901,1,0
3265,19903,0,1
3266,19906,0,2
3267,19912,1,0
3268,19917,0,1
3269,19919,0,1
3270,19922,0,2
3271,19926,0,1
3272,19929,0,1
3273,19933,0,1
3274,19960,0,1
3275,19980,1,0
3276,19991,1,0
3277,19994,1,0
3278,19997,0,1
